<?xml version="1.0" encoding="UTF-8" standalone="yes"?>
<addon id="script.module.matrix.force.refresh" name="[COLOR aqua]Matrix Force Refresh[/COLOR]" version="0.0.1" provider-name="Aliunde">
	<extension point="xbmc.python.script" library="addon.py">
		<provides>executable</provides>
	</extension>
	<extension point="xbmc.addon.metadata">
		<platform>all</platform>
		<summary lang="en">Repository and Addon Update</summary>
		<description lang="en">Force Refresh Repos and Add-ons for Kodi 19 (Matrix).[CR]Credits to JB.</description>
		<license>GNU General Public License, v2</license>
		<language></language>
		<assets>
			<icon>icon.png</icon>
			<fanart>fanart.jpg</fanart>
		</assets>
		<news>Version 0.0.1 Updated for Kodi 19 (Matrix), Credits to JB.</news>
	</extension>
</addon>
