<?xml version="1.0" encoding="UTF-8" standalone="yes"?>
<addon
    id="context.le"
    name="   [COLORdeepskyblue]Loonatics [COLORblue]Empire [/COLOR][COLORlightsteelblue]Context[/COLOR]"
    provider-name="[COLORgreen]&#8226; [COLORspringgreen]Tech [COLORpalegreen]E [COLORlime]Coyote [COLORgreen]&#8226;[/COLOR]"
    version="21.6.20">
    <requires>
        <import addon="script.module.requests" version="2.19.1" />
    </requires>
    <extension point="kodi.context.item">
        <menu id="kodi.core.main">
            <item library="contextSettings.py">
                <label>[B][COLOR deepskyblue]LE[/COLOR][/B] - CM Settings</label>
                <visible>
                    !String.IsEmpty(Window(home).Property(context.le.settings)) +
                    String.StartsWith(ListItem.path,plugin://plugin.video.le/) +
                    String.IsEqual(ListItem.Property(isLE_widget),true)
                </visible>
            </item>
            <item library="traktManager.py">
                <label>[B][COLOR deepskyblue]LE[/COLOR][/B] - Trakt Manager</label>
                <visible>
                    !String.IsEmpty(Window(home).Property(context.le.traktManager)) +
                    String.StartsWith(ListItem.path,plugin://plugin.video.le/) +
                    String.IsEqual(ListItem.Property(isLE_widget),true) +
                    [String.IsEqual(ListItem.dbtype,episode) | String.IsEqual(ListItem.dbtype,tvshow) | String.IsEqual(ListItem.dbtype,season) | String.IsEqual(ListItem.dbtype,movie)]
                </visible>
            </item>
            <item library="clearProviders.py">
                <label>[B][COLOR deepskyblue]LE[/COLOR][/B] - Clear Providers</label>
                <visible>
                    [!String.IsEmpty(Window(home).Property(context.le.clearProviders)) +
                    String.StartsWith(ListItem.FolderPath,plugin://plugin.video.le/?action=play) +
                    String.IsEqual(ListItem.Property(isLE_widget),true) +
                    [String.IsEqual(ListItem.dbtype,episode) | String.IsEqual(ListItem.dbtype,movie)]] |
                    [String.Contains(Container.FolderPath,videodb://) +
                    [String.Contains(Container.ListItem.Path,Window(home).Property(le.movieLib.path)) | String.Contains(Container.ListItem.Path,Window(home).Property(le.tvLib.path))] +
                    [String.IsEqual(ListItem.dbtype,episode) | String.IsEqual(ListItem.dbtype,movie)]]
                </visible>
            </item>
            <item library="clearBookmark.py">
                <label>[B][COLOR deepskyblue]LE[/COLOR][/B] - Clear Item Bookmark</label>
                <visible>
                    !String.IsEmpty(Window(home).Property(context.le.clearBookmark)) +
                    String.StartsWith(ListItem.FolderPath,plugin://plugin.video.le/?action=play) +
                    String.IsEqual(ListItem.Property(isLE_widget),true) +
                    ListItem.IsResumable +
                    [String.IsEqual(ListItem.dbtype,episode) | String.IsEqual(ListItem.dbtype,movie)]
                </visible>
            </item>
            <item library="rescrape.py">
                <label>[B][COLOR deepskyblue]LE[/COLOR][/B] - Rescrape Item</label>
                <visible>
                    [!String.IsEmpty(Window(home).Property(context.le.rescrape)) +
                    String.StartsWith(ListItem.FolderPath,plugin://plugin.video.le/?action=play) +
                    String.IsEqual(ListItem.Property(isLE_widget),true) +
                    [String.IsEqual(ListItem.dbtype,episode) | String.IsEqual(ListItem.dbtype,movie)]]
                </visible>
            </item>
            <item library="libRescrape.py">
                <label>[B][COLOR deepskyblue]LE[/COLOR][/B] - Rescrape Lib Item</label>
                <visible>
                    String.Contains(Container.FolderPath,videodb://) +
                    [String.Contains(Container.ListItem.Path,Window(home).Property(le.movieLib.path)) | String.Contains(Container.ListItem.Path,Window(home).Property(le.tvLib.path))] +
                    [String.IsEqual(ListItem.dbtype,episode) | String.IsEqual(ListItem.dbtype,movie)]
                </visible>
            </item>
            <item library="playFromHere.py">
                <label>[B][COLOR deepskyblue]LE[/COLOR][/B] - Play from here</label>
                <visible>
                    !String.IsEmpty(Window(home).Property(context.le.playFromHere)) +
                    String.StartsWith(ListItem.path,plugin://plugin.video.le/) +
                    String.IsEqual(ListItem.Property(isLE_widget),true) +
                    String.IsEqual(ListItem.dbtype,episode)
                </visible>
            </item>
            <item library="autoPlay.py">
                <label>[B][COLOR deepskyblue]LE[/COLOR][/B] - Auto Play</label>
                <visible>
                    String.IsEmpty(Window(home).Property(le.autoPlay.enabled)) +
                    !String.IsEmpty(Window(home).Property(context.le.autoPlay)) +
                    String.StartsWith(ListItem.FolderPath,plugin://plugin.video.le/?action=play) +
                    String.IsEqual(ListItem.Property(isLE_widget),true) +
                    [String.IsEqual(ListItem.dbtype,episode) | String.IsEqual(ListItem.dbtype,movie)]
                </visible>
            </item>
            <item library="sourceSelect.py">
                <label>[B][COLOR deepskyblue]LE[/COLOR][/B] - Source Select</label>
                <visible>
                    !String.IsEmpty(Window(home).Property(le.autoPlay.enabled)) +
                    !String.IsEmpty(Window(home).Property(context.le.sourceSelect)) +
                    String.StartsWith(ListItem.FolderPath,plugin://plugin.video.le/?action=play) +
                    String.IsEqual(ListItem.Property(isLE_widget),true) +
                    [String.IsEqual(ListItem.dbtype,episode) | String.IsEqual(ListItem.dbtype,movie)]
                </visible>
            </item>
            <item library="findSimilar.py">
                <label>[B][COLOR deepskyblue]LE[/COLOR][/B] - Find Similar</label>
                <visible>
                    !String.IsEmpty(Window(home).Property(context.le.findSimilar)) +
                    String.StartsWith(ListItem.path,plugin://plugin.video.le/) +
                    String.IsEqual(ListItem.Property(isLE_widget),true) +
                    [String.IsEqual(ListItem.dbtype,tvshow) | String.IsEqual(ListItem.dbtype,movie)]
                </visible>
            </item>
            <item library="browseSeries.py">
                <label>[B][COLOR deepskyblue]LE[/COLOR][/B] - Browse Series</label>
                <visible>
                    !String.IsEmpty(Window(home).Property(context.le.browseSeries)) +
                    String.StartsWith(ListItem.path,plugin://plugin.video.le/) +
                    String.IsEqual(ListItem.Property(isLE_widget),true) +
                    [String.IsEqual(ListItem.dbtype,episode) | String.IsEqual(ListItem.dbtype,tvshow)]
                </visible>
            </item>
            <item library="browseEpisodes.py">
                <label>[B][COLOR deepskyblue]LE[/COLOR][/B] - Browse Episodes</label>
                <visible>
                    !String.IsEmpty(Window(home).Property(context.le.browseEpisodes)) +
                    String.StartsWith(ListItem.path,plugin://plugin.video.le/) +
                    String.IsEqual(ListItem.Property(isLE_widget),true) +
                    String.IsEqual(ListItem.dbtype,episode)
                </visible>
            </item>
        </menu>
    </extension>
    <extension point="xbmc.service" library="service.py" />
    <extension point="xbmc.addon.metadata">
        <summary lang="en">[COLORwhite]Loonatics Empire Context[/COLOR]</summary>
        <description>[COLORwhite]Loonatics Empire Context[/COLOR]</description>
        <platform>all</platform>
        <license>GNU GENERAL PUBLIC LICENSE. Version 3, 29 June 2007</license>
        <forum></forum>
        <website></website>
        <source></source>
        <disclaimer lang="en"></disclaimer>
        <assets>
            <icon>icon.png</icon>
            <fanart>fanart.jpg</fanart>
            <screenshot></screenshot>
        </assets>
        <news></news>
    </extension>
</addon>