<?xml version="1.0" encoding="UTF-8"?>
<window>
    <defaultcontrol>10</defaultcontrol>
    <coordinates>
        <left>360</left>
        <top>150</top>
    </coordinates>
    <include>dialogeffect</include>
    <controls>
        <include content="DialogBackgroundCommons">
            <param name="DialogBackgroundWidth" value="1200" />
            <param name="DialogBackgroundHeight" value="750" />
            <param name="DialogHeaderWidth" value="1080" />
            <param name="DialogHeaderLabel" value="$LOCALIZE[13406]" />
            <param name="DialogHeaderId" value="2" />
            <param name="CloseButtonLeft" value="1038" />
            <param name="CloseButtonNav" value="10" />
        </include>
        <control type="label">
            <description>path label</description>
            <left>30</left>
            <top>98</top>
            <width>1140</width>
            <height>45</height>
            <align>center</align>
            <aligny>center</aligny>
            <font>font12</font>
            <label>1021</label>
            <textcolor>$VAR[MainColorOne]</textcolor>
            <shadowcolor>black</shadowcolor>
        </control>
        <control type="list" id="10">
            <left>45</left>
            <top>158</top>
            <width>788</width>
            <height>338</height>
            <onup>9001</onup>
            <onleft>9000</onleft>
            <onright>60</onright>
            <ondown>12</ondown>
            <pagecontrol>60</pagecontrol>
            <scrolltime>200</scrolltime>
            <itemlayout height="68">
                <control type="image">
                    <left>0</left>
                    <top>0</top>
                    <width>788</width>
                    <height>60</height>
                    <texture border="5">button-nofocus.png</texture>
                </control>
                <control type="label">
                    <left>15</left>
                    <top>0</top>
                    <width>735</width>
                    <height>60</height>
                    <font>font13</font>
                    <align>left</align>
                    <aligny>center</aligny>
                    <textcolor>grey2</textcolor>
                    <selectedcolor>selected</selectedcolor>
                    <info>ListItem.Label</info>
                </control>
            </itemlayout>
            <focusedlayout height="68">
                <control type="image">
                    <left>0</left>
                    <top>0</top>
                    <width>788</width>
                    <height>60</height>
                    <visible>!Control.HasFocus(10)</visible>
                    <texture border="5">button-nofocus.png</texture>
                </control>
                <control type="image">
                    <left>0</left>
                    <top>0</top>
                    <width>788</width>
                    <height>62</height>
                    <visible>Control.HasFocus(10)</visible>
                    <texture border="5" colordiffuse="$VAR[MainColorOne]">$VAR[SelectButton2]</texture>
                </control>
                <control type="label">
                    <left>15</left>
                    <top>0</top>
                    <width>735</width>
                    <height>60</height>
                    <font>font13</font>
                    <align>left</align>
                    <aligny>center</aligny>
                    <selectedcolor>selected</selectedcolor>
                    <info>ListItem.Label</info>
                </control>
            </focusedlayout>
        </control>
        <control type="scrollbar" id="60">
            <left>832</left>
            <top>158</top>
            <width>38</width>
            <height>338</height>
            <texturesliderbackground border="0,14,0,14">ScrollBarV.png</texturesliderbackground>
            <texturesliderbar border="0,14,0,14">ScrollBarV_bar.png</texturesliderbar>
            <texturesliderbarfocus border="0,14,0,14" colordiffuse="$VAR[MainColorOne]">ScrollBarV_bar_focus.png</texturesliderbarfocus>
            <textureslidernib colordiffuse="$VAR[MainColorOne]">ScrollBarNib.png</textureslidernib>
            <textureslidernibfocus colordiffuse="$VAR[MainColorOne]">ScrollBarNib.png</textureslidernibfocus>
            <onleft>10</onleft>
            <onright>9000</onright>
            <showonepage>false</showonepage>
            <orientation>vertical</orientation>
        </control>
        <control type="group" id="9000">
            <left>870</left>
            <top>158</top>
            <control type="button" id="11">
                <description>Browse Button</description>
                <left>0</left>
                <top>0</top>
                <width>285</width>
                <height>60</height>
                <label>1024</label>
                <font>font12_title</font>
                <align>center</align>
                <aligny>center</aligny>
                <onup>18</onup>
                <onleft>60</onleft>
                <onright>10</onright>
                <ondown>13</ondown>
            </control>
            <control type="button" id="13">
                <description>Add Path Button</description>
                <left>0</left>
                <top>68</top>
                <width>285</width>
                <height>60</height>
                <label>15019</label>
                <font>font12_title</font>
                <align>center</align>
                <aligny>center</aligny>
                <onup>11</onup>
                <onleft>60</onleft>
                <onright>10</onright>
                <ondown>14</ondown>
            </control>
            <control type="button" id="14">
                <description>Remove Path Button</description>
                <left>0</left>
                <top>135</top>
                <width>285</width>
                <height>60</height>
                <label>1210</label>
                <font>font12_title</font>
                <align>center</align>
                <aligny>center</aligny>
                <onup>13</onup>
                <onleft>60</onleft>
                <onright>10</onright>
                <ondown>12</ondown>
            </control>
        </control>
        <control type="label">
            <description>Name label</description>
            <left>45</left>
            <top>502</top>
            <width>1110</width>
            <height>45</height>
            <align>center</align>
            <aligny>center</aligny>
            <font>font12</font>
            <label>1022</label>
            <textcolor>$VAR[MainColorOne]</textcolor>
            <shadowcolor>black</shadowcolor>
        </control>
        <control type="edit" id="12">
            <description>Name Button</description>
            <left>45</left>
            <top>555</top>
            <width>1110</width>
            <height>60</height>
            <align>center</align>
            <aligny>center</aligny>
            <label></label>
            <font>font13</font>
            <onup>10</onup>
            <onleft>12</onleft>
            <onright>19</onright>
            <ondown>9001</ondown>
        </control>
        <control type="group" id="9001">
            <left>285</left>
            <top>652</top>
            <control type="button" id="18">
                <description>Ok Button</description>
                <left>0</left>
                <top>0</top>
                <width>300</width>
                <height>60</height>
                <align>center</align>
                <aligny>center</aligny>
                <label>186</label>
                <font>font12_title</font>
                <onup>12</onup>
                <onleft>19</onleft>
                <onright>19</onright>
                <ondown>10</ondown>
            </control>
            <control type="button" id="19">
                <description>Cancel Button</description>
                <left>315</left>
                <top>0</top>
                <width>300</width>
                <height>60</height>
                <align>center</align>
                <aligny>center</aligny>
                <label>222</label>
                <font>font12_title</font>
                <onup>12</onup>
                <onleft>18</onleft>
                <onright>18</onright>
                <ondown>10</ondown>
            </control>
        </control>
    </controls>
</window>
