<?xml version="1.0" encoding="UTF-8"?>
<window>
    <defaultcontrol always="true">300</defaultcontrol>
    <include>dialogeffect</include>
    <depth>DepthDialog+</depth>
    <coordinates>
        <left>308</left>
        <top>180</top>
    </coordinates>
    <controls>
        <control type="group">
            <include>VisibleFadeEffect</include>
            <visible>!Window.IsVisible(numericinput)</visible>
            <include content="DialogBackgroundCommons">
                <param name="DialogBackgroundWidth" value="1290" />
                <param name="DialogBackgroundHeight" value="645" />
                <param name="DialogHeaderWidth" value="1170" />
                <param name="DialogHeaderLabel" value="" />
                <param name="DialogHeaderId" value="311" />
                <param name="CloseButtonLeft" value="1128" />
                <param name="CloseButtonNav" value="3" />
            </include>
            <control type="group">
                <left>0</left>
                <top>-135</top>
                <visible>Control.IsVisible(313)</visible>
                <control type="image">
                    <left>0</left>
                    <top>0</top>
                    <width>1290</width>
                    <height>153</height>
                    <texture border="20">OverlayDialogBackground.png</texture>
                </control>
                <control type="image">
                    <left>75</left>
                    <top>27</top>
                    <width>1140</width>
                    <height>48</height>
                    <aspectratio>stretch</aspectratio>
                    <texture border="20">KeyboardEditArea.png</texture>
                </control>
                <control type="image">
                    <left>0</left>
                    <top>80</top>
                    <width>1290</width>
                    <height>3</height>
                    <aspectratio>stretch</aspectratio>
                    <texture>separator.png</texture>
                </control>
                <control type="label" id="313">
                    <description>HZCODE label</description>
                    <left>82</left>
                    <top>27</top>
                    <width>1125</width>
                    <height>45</height>
                    <font>font13</font>
                    <align>center</align>
                    <aligny>center</aligny>
                </control>
                <control type="label" id="314">
                    <description>HZLIST label</description>
                    <left>82</left>
                    <top>82</top>
                    <width>1125</width>
                    <height>45</height>
                    <font>font13</font>
                    <align>center</align>
                    <aligny>center</aligny>
                </control>
            </control>
            <control type="image">
                <left>75</left>
                <top>90</top>
                <width>1140</width>
                <height>75</height>
                <aspectratio>stretch</aspectratio>
                <texture border="20">KeyboardEditArea.png</texture>
            </control>
            <control type="edit" id="312">
                <description>Edit Text</description>
                <left>82</left>
                <top>90</top>
                <width>1125</width>
                <height>75</height>
                <font>font13</font>
                <align>center</align>
                <aligny>center</aligny>
                <texturefocus></texturefocus>
                <texturenofocus></texturenofocus>
            </control>
            <control type="group" id="4000">
                <left>45</left>
                <top>210</top>
                <!-- 1st row -->
                <control type="grouplist">
                    <itemgap>0</itemgap>
                    <orientation>horizontal</orientation>
                    <control type="button" id="309">
                        <description>Layout button</description>
                        <width>300</width>
                        <height>75</height>
                        <label>20177</label>
                        <onup condition="!Control.IsVisible(5000)">300</onup>
                        <onup condition="Control.IsVisible(5000)">5000</onup>
                        <ondown>302</ondown>
                        <texturenofocus border="25,25,5,5">KeyboardCornerTopNF.png</texturenofocus>
                        <texturefocus border="25,25,5,5" colordiffuse="$VAR[MainColorOne]">KeyboardCornerTop.png</texturefocus>
                        <align>center</align>
                        <aligny>center</aligny>
                        <font>font13</font>
                        <focusedcolor>white</focusedcolor>
                    </control>
                    <control type="button" id="100">
                        <description>(0,0) key button</description>
                        <onup condition="!Control.IsVisible(5000)">32</onup>
                        <onup condition="Control.IsVisible(5000)">5000</onup>
                        <ondown>120</ondown>
                        <include>KeyboardButton</include>
                    </control>
                    <control type="button" id="101">
                        <description>(0,1) key button</description>
                        <onup condition="!Control.IsVisible(5000)">32</onup>
                        <onup condition="Control.IsVisible(5000)">5000</onup>
                        <ondown>121</ondown>
                        <include>KeyboardButton</include>
                    </control>
                    <control type="button" id="102">
                        <description>(0,2) key button</description>
                        <onup condition="!Control.IsVisible(5000)">32</onup>
                        <onup condition="Control.IsVisible(5000)">5000</onup>
                        <ondown>122</ondown>
                        <include>KeyboardButton</include>
                    </control>
                    <control type="button" id="103">
                        <description>(0,3) key button</description>
                        <onup condition="!Control.IsVisible(5000)">32</onup>
                        <onup condition="Control.IsVisible(5000)">5000</onup>
                        <ondown>123</ondown>
                        <include>KeyboardButton</include>
                    </control>
                    <control type="button" id="104">
                        <description>(0,4) key button</description>
                        <onup condition="!Control.IsVisible(5000)">8</onup>
                        <onup condition="Control.IsVisible(5000)">5000</onup>
                        <ondown>124</ondown>
                        <include>KeyboardButton</include>
                    </control>
                    <control type="button" id="105">
                        <description>(0,5) key button</description>
                        <onup condition="!Control.IsVisible(5000)">8</onup>
                        <onup condition="Control.IsVisible(5000)">5000</onup>
                        <ondown>125</ondown>
                        <include>KeyboardButton</include>
                    </control>
                    <control type="button" id="106">
                        <description>(0,6) key button</description>
                        <onup condition="!Control.IsVisible(5000)">8</onup>
                        <onup condition="Control.IsVisible(5000)">5000</onup>
                        <ondown>126</ondown>
                        <include>KeyboardButton</include>
                    </control>
                    <control type="button" id="107">
                        <description>(0,7) key button</description>
                        <onup condition="!Control.IsVisible(5000)">305</onup>
                        <onup condition="Control.IsVisible(5000)">5000</onup>
                        <ondown>127</ondown>
                        <include>KeyboardButton</include>
                    </control>
                    <control type="button" id="108">
                        <description>(0,8) key button</description>
                        <onup condition="!Control.IsVisible(5000)">306</onup>
                        <onup condition="Control.IsVisible(5000)">5000</onup>
                        <ondown>128</ondown>
                        <include>KeyboardButton</include>
                    </control>
                    <control type="button" id="109">
                        <description>(0,9) key button</description>
                        <onup condition="!Control.IsVisible(5000)">308</onup>
                        <onup condition="Control.IsVisible(5000)">5000</onup>
                        <ondown>129</ondown>
                        <include>KeyboardButton</include>
                    </control>
                    <control type="button" id="110">
                        <description>(0,10) key button</description>
                        <onup condition="!Control.IsVisible(5000)">308</onup>
                        <onup condition="Control.IsVisible(5000)">5000</onup>
                        <ondown>130</ondown>
                        <include>KeyboardButton</include>
                    </control>
                    <control type="button" id="111">
                        <description>(0,11) key button</description>
                        <onup condition="!Control.IsVisible(5000)">308</onup>
                        <onup condition="Control.IsVisible(5000)">5000</onup>
                        <ondown>131</ondown>
                        <texturenofocus flipx="true" border="5,25,25,5">KeyboardCornerTopNF.png</texturenofocus>
                        <texturefocus flipx="true" border="5,25,25,5" colordiffuse="$VAR[MainColorOne]">KeyboardCornerTop.png</texturefocus>
                        <include>KeyboardButton</include>
                    </control>
                </control>
                <!-- 2nd row -->
                <control type="grouplist">
                    <orientation>horizontal</orientation>
                    <top>75</top>
                    <itemgap>0</itemgap>
                    <control type="radiobutton" id="302">
                        <description>SHIFT button</description>
                        <width>300</width>
                        <height>75</height>
                        <label></label>
                        <onup>309</onup>
                        <ondown>303</ondown>
                        <texturenofocus border="3">KeyboardKeyNF.png</texturenofocus>
                        <texturefocus border="5" colordiffuse="$VAR[MainColorOne]">KeyboardKey.png</texturefocus>
                        <radioposy>8</radioposy>
                        <radiowidth>50</radiowidth>
                        <radioheight>50</radioheight>
                    </control>
                    <control type="button" id="120">
                        <description>(1,0) key button</description>
                        <onup>100</onup>
                        <ondown>140</ondown>
                        <include>KeyboardButton</include>
                    </control>
                    <control type="button" id="121">
                        <description>(1,1) key button</description>
                        <onup>101</onup>
                        <ondown>141</ondown>
                        <include>KeyboardButton</include>
                    </control>
                    <control type="button" id="122">
                        <description>(1,2) key button</description>
                        <onup>102</onup>
                        <ondown>142</ondown>
                        <include>KeyboardButton</include>
                    </control>
                    <control type="button" id="123">
                        <description>(1,3) key button</description>
                        <onup>103</onup>
                        <ondown>143</ondown>
                        <include>KeyboardButton</include>
                    </control>
                    <control type="button" id="124">
                        <description>(1,4) key button</description>
                        <onup>104</onup>
                        <ondown>144</ondown>
                        <include>KeyboardButton</include>
                    </control>
                    <control type="button" id="125">
                        <description>(1,5) key button</description>
                        <onup>105</onup>
                        <ondown>145</ondown>
                        <include>KeyboardButton</include>
                    </control>
                    <control type="button" id="126">
                        <description>(1,6) key button</description>
                        <onup>106</onup>
                        <ondown>146</ondown>
                        <include>KeyboardButton</include>
                    </control>
                    <control type="button" id="127">
                        <description>(1,7) key button</description>
                        <onup>107</onup>
                        <ondown>147</ondown>
                        <include>KeyboardButton</include>
                    </control>
                    <control type="button" id="128">
                        <description>(1,8) key button</description>
                        <onup>108</onup>
                        <ondown>148</ondown>
                        <include>KeyboardButton</include>
                    </control>
                    <control type="button" id="129">
                        <description>(1,9) key button</description>
                        <onup>109</onup>
                        <ondown>149</ondown>
                        <include>KeyboardButton</include>
                    </control>
                    <control type="button" id="130">
                        <description>(1,10) key button</description>
                        <onup>110</onup>
                        <ondown>150</ondown>
                        <include>KeyboardButton</include>
                    </control>
                    <control type="button" id="131">
                        <description>(1,11) key button</description>
                        <onup>111</onup>
                        <ondown>151</ondown>
                        <include>KeyboardButton</include>
                    </control>
                </control>
                <control type="label">
                    <description>SHIFT label</description>
                    <top>75</top>
                    <left>0</left>
                    <width>300</width>
                    <height>75</height>
                    <label>20178</label>
                    <align>center</align>
                    <aligny>center</aligny>
                    <font>font13</font>
                    <textcolor>white</textcolor>
                    <visible>!Skin.HasSetting(KeyboardGraphicalTextures)</visible>
                </control>
                <control type="image">
                    <description>SHIFT icon</description>
                    <top>90</top>
                    <left>128</left>
                    <width>45</width>
                    <height>45</height>
                    <texture>KeyboardShiftKey.png</texture>
                    <visible>Skin.HasSetting(KeyboardGraphicalTextures)</visible>
                </control>
                <!-- 3rd row -->
                <control type="grouplist">
                    <top>150</top>
                    <orientation>horizontal</orientation>
                    <itemgap>0</itemgap>
                    <control type="radiobutton" id="303">
                        <description>CAPS LOCK button</description>
                        <width>300</width>
                        <height>75</height>
                        <label></label>
                        <onup>302</onup>
                        <ondown>307</ondown>
                        <texturenofocus border="3">KeyboardKeyNF.png</texturenofocus>
                        <texturefocus border="5" colordiffuse="$VAR[MainColorOne]">KeyboardKey.png</texturefocus>
                        <radioposy>8</radioposy>
                        <radiowidth>50</radiowidth>
                        <radioheight>50</radioheight>
                    </control>
                    <control type="button" id="140">
                        <description>(2,0) key button</description>
                        <onup>120</onup>
                        <ondown>160</ondown>
                        <include>KeyboardButton</include>
                    </control>
                    <control type="button" id="141">
                        <description>(2,1) key button</description>
                        <onup>121</onup>
                        <ondown>161</ondown>
                        <include>KeyboardButton</include>
                    </control>
                    <control type="button" id="142">
                        <description>(2,2) key button</description>
                        <onup>122</onup>
                        <ondown>162</ondown>
                        <include>KeyboardButton</include>
                    </control>
                    <control type="button" id="143">
                        <description>(2,3) key button</description>
                        <onup>123</onup>
                        <ondown>163</ondown>
                        <include>KeyboardButton</include>
                    </control>
                    <control type="button" id="144">
                        <description>(2,4) key button</description>
                        <onup>124</onup>
                        <ondown>164</ondown>
                        <include>KeyboardButton</include>
                    </control>
                    <control type="button" id="145">
                        <description>(2,5) key button</description>
                        <onup>125</onup>
                        <ondown>165</ondown>
                        <include>KeyboardButton</include>
                    </control>
                    <control type="button" id="146">
                        <description>(2,6) key button</description>
                        <onup>126</onup>
                        <ondown>166</ondown>
                        <include>KeyboardButton</include>
                    </control>
                    <control type="button" id="147">
                        <description>(2,7) key button</description>
                        <onup>127</onup>
                        <ondown>167</ondown>
                        <include>KeyboardButton</include>
                    </control>
                    <control type="button" id="148">
                        <description>(2,8) key button</description>
                        <onup>128</onup>
                        <ondown>168</ondown>
                        <include>KeyboardButton</include>
                    </control>
                    <control type="button" id="149">
                        <description>(2,9) key button</description>
                        <onup>129</onup>
                        <ondown>169</ondown>
                        <include>KeyboardButton</include>
                    </control>
                    <control type="button" id="150">
                        <description>(2,10) key button</description>
                        <onup>130</onup>
                        <ondown>170</ondown>
                        <include>KeyboardButton</include>
                    </control>
                    <control type="button" id="151">
                        <description>(2,11) key button</description>
                        <onup>131</onup>
                        <ondown>171</ondown>
                        <include>KeyboardButton</include>
                    </control>
                </control>
                <control type="label">
                    <description>CAPS LOCK label</description>
                    <top>150</top>
                    <left>0</left>
                    <width>300</width>
                    <height>75</height>
                    <label>20179</label>
                    <align>center</align>
                    <aligny>center</aligny>
                    <font>font13</font>
                    <textcolor>white</textcolor>
                    <visible>!Skin.HasSetting(KeyboardGraphicalTextures)</visible>
                </control>
                <control type="image">
                    <description>CAPS LOCK icon</description>
                    <top>165</top>
                    <left>128</left>
                    <width>45</width>
                    <height>45</height>
                    <texture>KeyboardCapsKey.png</texture>
                    <visible>Skin.HasSetting(KeyboardGraphicalTextures)</visible>
                </control>
                <!-- 4th row -->
                <control type="grouplist">
                    <top>225</top>
                    <itemgap>0</itemgap>
                    <orientation>horizontal</orientation>
                    <control type="button" id="307">
                        <description>IP Input button</description>
                        <width>150</width>
                        <height>75</height>
                        <onup>303</onup>
                        <ondown>300</ondown>
                        <label>IP</label>
                        <texturenofocus border="3">KeyboardKeyNF.png</texturenofocus>
                        <texturefocus border="5" colordiffuse="$VAR[MainColorOne]">KeyboardKey.png</texturefocus>
                        <align>center</align>
                        <aligny>center</aligny>
                        <font>font13</font>
                        <focusedcolor>white</focusedcolor>
                    </control>
                    <control type="radiobutton" id="304">
                        <description>Symbols button</description>
                        <width>150</width>
                        <height>75</height>
                        <label>@#!*   </label>
                        <onup>303</onup>
                        <ondown>300</ondown>
                        <texturenofocus border="3">KeyboardKeyNF.png</texturenofocus>
                        <texturefocus border="5" colordiffuse="$VAR[MainColorOne]">KeyboardKey.png</texturefocus>
                        <radioposy>8</radioposy>
                        <radiowidth>50</radiowidth>
                        <radioheight>50</radioheight>
                        <align>center</align>
                        <aligny>center</aligny>
                        <font>font13</font>
                        <focusedcolor>white</focusedcolor>
                    </control>
                    <control type="button" id="160">
                        <description>(3,0) key button</description>
                        <onup>140</onup>
                        <ondown>32</ondown>
                        <include>KeyboardButton</include>
                    </control>
                    <control type="button" id="161">
                        <description>(3,1) key button</description>
                        <onup>141</onup>
                        <ondown>32</ondown>
                        <include>KeyboardButton</include>
                    </control>
                    <control type="button" id="162">
                        <description>(3,2) key button</description>
                        <onup>142</onup>
                        <ondown>32</ondown>
                        <include>KeyboardButton</include>
                    </control>
                    <control type="button" id="163">
                        <description>(3,3) key button</description>
                        <onup>143</onup>
                        <ondown>32</ondown>
                        <include>KeyboardButton</include>
                    </control>
                    <control type="button" id="164">
                        <description>(3,4) key button</description>
                        <onup>144</onup>
                        <ondown>8</ondown>
                        <include>KeyboardButton</include>
                    </control>
                    <control type="button" id="165">
                        <description>(3,5) key button</description>
                        <onup>145</onup>
                        <ondown>8</ondown>
                        <include>KeyboardButton</include>
                    </control>
                    <control type="button" id="166">
                        <description>(3,6) key button</description>
                        <onup>146</onup>
                        <ondown>8</ondown>
                        <include>KeyboardButton</include>
                    </control>
                    <control type="button" id="167">
                        <description>(3,7) key button</description>
                        <onup>147</onup>
                        <ondown>305</ondown>
                        <include>KeyboardButton</include>
                    </control>
                    <control type="button" id="168">
                        <description>(3,8) key button</description>
                        <onup>148</onup>
                        <ondown>306</ondown>
                        <include>KeyboardButton</include>
                    </control>
                    <control type="button" id="169">
                        <description>(3,9) key button</description>
                        <onup>149</onup>
                        <ondown>308</ondown>
                        <include>KeyboardButton</include>
                    </control>
                    <control type="button" id="170">
                        <description>(3,10) key button</description>
                        <onup>150</onup>
                        <ondown>308</ondown>
                        <include>KeyboardButton</include>
                    </control>
                    <control type="button" id="171">
                        <description>(3,11) key button</description>
                        <onup>151</onup>
                        <ondown>308</ondown>
                        <include>KeyboardButton</include>
                    </control>
                </control>
                <!-- 5th row -->
                <control type="grouplist">
                    <top>300</top>
                    <itemgap>0</itemgap>
                    <orientation>horizontal</orientation>
                    <control type="button" id="300">
                        <description>DONE button</description>
                        <width>300</width>
                        <height>75</height>
                        <texturenofocus border="25,5,25,5">KeyboardCornerBottomNF.png</texturenofocus>
                        <texturefocus border="25,5,25,5" colordiffuse="$VAR[MainColorOne]">KeyboardCornerBottom.png</texturefocus>
                        <label></label>
                        <onup>304</onup>
                        <ondown condition="!Control.IsVisible(5000)">309</ondown>
                        <ondown condition="Control.IsVisible(5000)">5000</ondown>
                    </control>
                    <control type="button" id="32">
                        <description>SPACE button</description>
                        <width>300</width>
                        <height>75</height>
                        <label></label>
                        <texturenofocus border="3">KeyboardKeyNF.png</texturenofocus>
                        <texturefocus border="5" colordiffuse="$VAR[MainColorOne]">KeyboardKey.png</texturefocus>
                        <onup>161</onup>
                        <ondown condition="!Control.IsVisible(5000)">101</ondown>
                        <ondown condition="Control.IsVisible(5000)">5000</ondown>
                    </control>
                    <control type="button" id="8">
                        <description>BACKSPACE button</description>
                        <width>225</width>
                        <height>75</height>
                        <label></label>
                        <onup>164</onup>
                        <ondown condition="!Control.IsVisible(5000)">104</ondown>
                        <ondown condition="Control.IsVisible(5000)">5000</ondown>
                        <texturenofocus border="3">KeyboardKeyNF.png</texturenofocus>
                        <texturefocus border="5" colordiffuse="$VAR[MainColorOne]">KeyboardKey.png</texturefocus>
                    </control>
                    <control type="button" id="305">
                        <description>previous button</description>
                        <width>75</width>
                        <height>75</height>
                        <label>&lt;</label>
                        <align>center</align>
                        <aligny>center</aligny>
                        <texturenofocus border="3">KeyboardKeyNF.png</texturenofocus>
                        <texturefocus border="5" colordiffuse="$VAR[MainColorOne]">KeyboardKey.png</texturefocus>
                        <font>font30</font>
                        <focusedcolor>white</focusedcolor>
                        <onup>167</onup>
                        <ondown condition="!Control.IsVisible(5000)">107</ondown>
                        <ondown condition="Control.IsVisible(5000)">5000</ondown>
                    </control>
                    <control type="button" id="306">
                        <description>next button</description>
                        <width>75</width>
                        <height>75</height>
                        <label>&gt;</label>
                        <align>center</align>
                        <aligny>center</aligny>
                        <texturenofocus border="3">KeyboardKeyNF.png</texturenofocus>
                        <texturefocus border="5" colordiffuse="$VAR[MainColorOne]">KeyboardKey.png</texturefocus>
                        <font>font30</font>
                        <focusedcolor>white</focusedcolor>
                        <onup>168</onup>
                        <ondown condition="!Control.IsVisible(5000)">108</ondown>
                        <ondown condition="Control.IsVisible(5000)">5000</ondown>
                    </control>
                    <control type="button" id="308">
                        <description>cancel button</description>
                        <width>225</width>
                        <height>75</height>
                        <texturenofocus flipx="true" border="5,5,25,25">KeyboardCornerBottomNF.png</texturenofocus>
                        <texturefocus flipx="true" border="5,5,25,25" colordiffuse="$VAR[MainColorOne]">KeyboardCornerBottom.png</texturefocus>
                        <onup>169</onup>
                        <ondown condition="!Control.IsVisible(5000)">109</ondown>
                        <ondown condition="Control.IsVisible(5000)">5000</ondown>
                        <onclick>Close</onclick>
                    </control>
                </control>
                <control type="grouplist">
                    <top>300</top>
                    <itemgap>0</itemgap>
                    <orientation>horizontal</orientation>
                    <control type="label">
                        <width>300</width>
                        <height>75</height>
                        <label>20177</label>
                        <font>font13</font>
                        <align>center</align>
                        <aligny>center</aligny>
                        <textcolor>white</textcolor>
                        <visible>!Skin.HasSetting(KeyboardGraphicalTextures)</visible>
                    </control>
                    <control type="label">
                        <width>300</width>
                        <height>75</height>
                        <label>20182</label>
                        <font>font13</font>
                        <align>center</align>
                        <aligny>center</aligny>
                        <textcolor>white</textcolor>
                        <visible>!Skin.HasSetting(KeyboardGraphicalTextures)</visible>
                    </control>
                    <control type="label">
                        <width>225</width>
                        <height>75</height>
                        <label>20181</label>
                        <font>font13</font>
                        <align>center</align>
                        <aligny>center</aligny>
                        <textcolor>white</textcolor>
                        <visible>!Skin.HasSetting(KeyboardGraphicalTextures)</visible>
                    </control>
                    <control type="label">
                        <width>150</width>
                        <height>75</height>
                        <label></label>
                        <font>font13</font>
                        <align>center</align>
                        <aligny>center</aligny>
                        <textcolor>white</textcolor>
                        <visible>!Skin.HasSetting(KeyboardGraphicalTextures)</visible>
                    </control>
                    <control type="label">
                        <width>225</width>
                        <height>75</height>
                        <label>222</label>
                        <font>font13</font>
                        <align>center</align>
                        <aligny>center</aligny>
                        <textcolor>white</textcolor>
                        <visible>!Skin.HasSetting(KeyboardGraphicalTextures)</visible>
                    </control>
                </control>
                <control type="group">
                    <top>315</top>
                    <control type="image">
                        <description>Done icon</description>
                        <left>128</left>
                        <width>45</width>
                        <height>45</height>
                        <texture>KeyboardDoneKey.png</texture>
                        <visible>Skin.HasSetting(KeyboardGraphicalTextures)</visible>
                    </control>
                    <control type="image">
                        <description>Space icon</description>
                        <left>428</left>
                        <width>45</width>
                        <height>45</height>
                        <texture>KeyboardSpaceKey.png</texture>
                        <visible>Skin.HasSetting(KeyboardGraphicalTextures)</visible>
                    </control>
                    <control type="image">
                        <description>Backspace icon</description>
                        <left>690</left>
                        <width>45</width>
                        <height>45</height>
                        <texture>KeyboardBackKey.png</texture>
                        <visible>Skin.HasSetting(KeyboardGraphicalTextures)</visible>
                    </control>
                    <control type="image">
                        <description>Cancel icon</description>
                        <left>1065</left>
                        <width>45</width>
                        <height>45</height>
                        <texture>KeyboardCancelKey.png</texture>
                        <visible>Skin.HasSetting(KeyboardGraphicalTextures)</visible>
                    </control>
                </control>
            </control>
            <include condition="System.HasAddon(plugin.program.autocompletion) + !System.HasHiddenInput + !Skin.HasSetting(DisableAutoComplete)">ExtendedInfoAutoComplete</include>
        </control>
    </controls>
</window>
