<?xml version="1.0" encoding="UTF-8" standalone="yes"?>
<addon id="plugin.video.replayme" name="[COLOR red]R[/COLOR][COLOR white]eplay[/COLOR] [COLOR pink]M[/COLOR][COLOR white]e[/COLOR]" version="1.0.0" provider-name="[COLOR white][B]mullafabz[/B][/COLOR]">
  <requires>
    <import addon="xbmc.python" version="3.0.0"/>
    <import addon="script.module.beautifulsoup4"/>
    <import addon="script.module.requests"/>
    <import addon="script.module.resolveurl"/>
    <import addon="script.module.kodi-six" />
  </requires>
  <extension point="xbmc.python.pluginsource"
            library="default.py">
        <provides>video</provides>
  </extension>
  <extension point="xbmc.addon.metadata">
    <summary lang="en">Replay Me</summary>
    <description lang="en">Get all the major events replays in one place daily.</description>
    <disclaimer lang="en">The author does not host or distribute any of the content displayed by this addon or have any affiliation with the website owners</disclaimer>
    <platform>all</platform>
    <assets>
      <icon>icon.png</icon>
      <fanart>fanart.jpg</fanart>
    </assets>
  </extension>
</addon>
