<?xml version="1.0" encoding="UTF-8" standalone="yes"?>
<addon id="script.module.mechanize" name="Mechanize" version="0.4.3+matrix.2" provider-name="Kovid Goyal">
	<requires>
		<import addon="xbmc.python" version="3.0.0"/>
		<import addon="script.module.html5lib" version="1.0.1+matrix.1"/>
	</requires>
	<extension point="xbmc.python.module" library="lib" />
	<extension point="xbmc.addon.metadata">
		<summary lang="en_GB">Stateful programmatic web browsing in Python.</summary>
		<description lang="en_GB">Stateful programmatic web browsing in Python, after Andy Lester’s Perl module WWW::Mechanize.</description>
		<forum></forum>
		<website>https://mechanize.readthedocs.io/en/latest/</website>
		<license>BSD</license>
		<platform>all</platform>
		<source>https://github.com/python-mechanize/</source>
		<assets>
			<icon>icon.png</icon>
		</assets>
	</extension>
</addon>
