<?xml version="1.0" encoding="UTF-8" standalone="yes"?>
<addon id="plugin.video.afa19"                                                                                                                                    
	   name="Odds N' Ends"                                                 
	   version="1.0"                                                                                                                                        
	   provider-name="Blah">
  <requires>
	
  </requires>
  <extension point="xbmc.python.pluginsource"
            library="default.py">
        <provides>video</provides>
  </extension>
  <extension point="xbmc.addon.metadata">
    <summary lang="en">1 click debrid stuff</summary>
    <description lang="en">Whatever I decide to add along with stuff people request. This addon is built using Shadow as a base, thanks go out to AA for his great work.</description>
	
    <platform>all</platform>
	<assets>
            <icon>icon.png</icon>
            <fanart>fanart.jpg</fanart>
    </assets>
  </extension>
  
</addon>
