<?xml version="1.0" encoding="UTF-8" standalone="yes"?>
<addon id="plugin.video.internetarchive" name="Internet Archive [Video]" version="4.2.6" provider-name="MetalChris,gujal">
  <requires>
    <!-- <import addon="xbmc.python" version="2.1.0"/> -->
    <import addon="script.module.requests" />
    <import addon="script.module.six" />
    <import addon="script.module.kodi-six" />
    <import addon="script.module.beautifulsoup4" version="4.2.0"/>
  </requires>
  <extension point="xbmc.python.pluginsource" library="addon.py">
    <provides>video</provides>
  </extension>
  <extension point="xbmc.addon.metadata">
    <summary lang="en">Watch thousands of free videos and movies from the Internet Archive</summary>
    <description lang="en">Internet Archive is a non-profit digital library.  Choose from thousands of digital movies uploaded by Archive users which range from classic full-length films, to daily alternative news broadcasts, to cartoons and concerts. *Matrix Version*</description>
    <disclaimer lang="en">Support provided at forum.kodi.tv or via my github.  I will not provide support at TVaddons, or any other forum.  Please provide a full, unedited, debug log when requesting support.</disclaimer>
    <language></language>
    <platform>all</platform>
    <news>
v4.2.6
- Fixes for search pagination and quality selection.
    </news>
    <assets>
        <icon>resources/media/icon.png</icon>
        <fanart>resources/media/fanart.jpg</fanart>
    </assets>
    <license></license>
    <forum></forum>
    <website></website>
    <email></email>
    <source></source>
  </extension>
</addon>
