<?xml version="1.0" encoding="UTF-8" standalone="yes"?>
<addon id="plugin.video.thepromise"
       name="ThePromise"
       version="23.0.01"
       provider-name="[COLORpurple]• [COLORorchid]Tech [COLORdarkorchid]E [COLORplum]Coyote [COLORpurple]•[/COLOR]">
    <requires>
        <import addon="script.thepromise.artwork" />
        <import addon="script.module.resolveurl" />
        <import addon="script.module.requests" />
        <import addon="script.module.promisescrapers" />
        <import addon="script.module.six" />
        <import addon="script.module.kodi-six" />
        <import addon="script.module.simplejson" />
        <import addon="plugin.video.usgotv" optional="true" />
        <import addon="plugin.video.swifttv" optional="true" />
        <import addon="plugin.video.taptv" optional="true" />
        <import addon="plugin.video.lntv" optional="true" />
        <import addon="plugin.video.rbtv" optional="true" />
        <import addon="plugin.video.youtube" optional="true" />
    </requires>
    <extension library="thepromise.py" point="xbmc.python.pluginsource">
        <provides>video</provides>
    </extension>
    <extension library="service.py" point="xbmc.service" start="startup" />
    <extension point="xbmc.addon.metadata">
        <reuselanguageinvoker>false</reuselanguageinvoker>
        <summary lang="en_GB">ThePromise</summary>
        <description lang="en_GB">Multi-source add-on</description>
        <platform>all</platform>
        <license>GNU GENERAL PUBLIC LICENSE. Version 3, 29 June 2007</license>
        <forum />
        <website />
        <source />
        <disclaimer lang="en_GB">The author of this add-on does not host any of the content which is found and has no affiliation with any of the content providers. This add-on simply searches websites for content. Use at your own risk![CR]This project uses the TMDb, Trakt, Fanart.tv APIs, but is not affiliated nor endorsed by any of their respective ogranisations.[CR]Please support these ogranisations however you can.</disclaimer>
        <assets>
            <icon>icon.png</icon>
            <fanart>fanart.jpg</fanart>
        </assets>
        <news>
- See Changelog on Tools menu
        </news>
    </extension>
</addon>
