<?xml version="1.0" encoding="UTF-8" standalone="yes"?>
<addon id="repository.tt20" name="Terry Tibbs 20 Repository" version="3.1.46" provider-name="Terry Tibbs">
    <extension point="xbmc.addon.repository" name="Umbrella Repository">
        <dir minversion="18.9.701">
            <info compressed="false">https://githubraw.com/terrytibbs2004/builds/main/20/zips/addons.xml</info>
            <checksum>https://githubraw.com/terrytibbs2004/builds/main/20/zips/addons.xml.md5</checksum>
            <datadir zip="true">https://githubraw.com/terrytibbs2004/builds/main/20/zips/</datadir>
        </dir>
        <dir>
            <info compressed="false">https://raw.githubusercontent.com/CocoJoe2411/repository.cocoscrapers/master/zips/addons.xml</info>
            <checksum>https://raw.githubusercontent.com/CocoJoe2411/repository.cocoscrapers/master/zips/addons.xml.md5</checksum>
            <datadir zip="true">https://raw.githubusercontent.com/CocoJoe2411/repository.cocoscrapers/master/zips/</datadir>
        </dir>
    </extension>
    <extension point="xbmc.addon.metadata">
        <summary>Terry Tibbs Repository</summary>
        <description>Repository for Kodi 20</description>
        <disclaimer></disclaimer>
        <platform>all</platform>
        <assets>
            <icon>icon.png</icon>
            <fanart>fanart.jpg</fanart>
        </assets>
    </extension>
</addon>
