{
    "access_manager": {
        "current_user": "0",
        "developers": {},
        "last_origin": "plugin.video.youtube",
        "users": {
            "0": {
                "access_token": "",
                "id": "0893dd661af444148ca49885475fa7a5",
                "last_key_hash": "1bfb7e52957a93590f6d8cf541b05e7f",
                "name": "Default",
                "refresh_token": "",
                "token_expires": -1,
                "watch_history": "HL",
                "watch_later": " WL"
            }
        }
    }
}