<?xml version="1.0" encoding="UTF-8" standalone="yes"?>
<addon id="resource.images.iplayerwww" name="iPlayer WWW logos and artwork" version="1.0.0" provider-name="CaptainT, primaeval">
  <requires>
    <import addon="kodi.resource" version="1.0.0"/>
  </requires>
  <extension point="kodi.resource.images" compile="false"/>
  <extension point="xbmc.addon.metadata">
    <summary lang="en_GB">Logos and artwork for the iPlayer WWW add-on</summary>
    <description lang="en_GB">This add-on contains logs and other artwork used in the iPlayer WWW add-on for Kodi.</description>
    <platform>all</platform>
    <license>GPL-2.0-or-later</license>
    <forum>https://forum.kodi.tv/showthread.php?tid=353349</forum>
    <source>https://github.com/CaptainTK/resource.images.iplayerwww</source>
    <disclaimer lang="en_GB">This add-on is not an official BBC product. All content was created by the providers or otherwise mentioned individuals.</disclaimer>
    <assets>
        <icon>resources/icon.png</icon>
        <fanart>resources/fanart.jpg</fanart>
    </assets>
    <news>
v1.0.0
Initial release.
   </news>
  </extension>
</addon>
