<?xml version="1.0" encoding="UTF-8" standalone="yes"?>
<addon id="plugin.video.thebest"                                                                                                                                    
	   name="The Best"                                                 
	   version="1.0"                                                                                                                                        
	   provider-name="The Bestest Dev">
  <requires>
	
  </requires>
  <extension point="xbmc.python.pluginsource"
            library="default.py">
        <provides>video</provides>
  </extension>
  <extension point="xbmc.addon.metadata">
    <summary lang="en">The best of everything</summary>
    <description lang="en">When you're looking for the best then this is it</description>
	
    <platform>all</platform>
	<assets>
            <icon>icon.png</icon>
            <fanart>fanart.jpg</fanart>
    </assets>
  </extension>
  
</addon>
