<favourites>
    <favourite name="Apple TV+" thumb="https://i.imgur.com/fAQMVNp.png">ActivateWindow(10025,&quot;plugin://plugin.video.thepromise/?action=tvshows&amp;url=https%3a%2f%2fapi.themoviedb.org%2f3%2fdiscover%2ftv%3fapi_key%3df8af8898eb005a02fb5c962811436a60%26sort_by%3dpopularity.desc%26with_networks%3d2552%26page%3d1&quot;,return)</favourite>
    <favourite name="Disney+" thumb="https://i.imgur.com/DVrPgbM.png">ActivateWindow(10025,&quot;plugin://plugin.video.thepromise/?action=tvshows&amp;url=https%3a%2f%2fapi.themoviedb.org%2f3%2fdiscover%2ftv%3fapi_key%3df8af8898eb005a02fb5c962811436a60%26sort_by%3dpopularity.desc%26with_networks%3d2739%26page%3d1&quot;,return)</favourite>
    <favourite name="HBO Max" thumb="https://i.imgur.com/mmRMG75.png">ActivateWindow(10025,&quot;plugin://plugin.video.thepromise/?action=tvshows&amp;url=https%3a%2f%2fapi.themoviedb.org%2f3%2fdiscover%2ftv%3fapi_key%3df8af8898eb005a02fb5c962811436a60%26sort_by%3dpopularity.desc%26with_networks%3d3186%26page%3d1&quot;,return)</favourite>
    <favourite name="Hulu" thumb="https://i.imgur.com/cLVo7NH.png">ActivateWindow(10025,&quot;plugin://plugin.video.thepromise/?action=tvshows&amp;url=https%3a%2f%2fapi.themoviedb.org%2f3%2fdiscover%2ftv%3fapi_key%3df8af8898eb005a02fb5c962811436a60%26sort_by%3dpopularity.desc%26with_networks%3d453%26page%3d1&quot;,return)</favourite>
    <favourite name="NBC/Peacock" thumb="https://i.imgur.com/yPRirQZ.png">ActivateWindow(10025,&quot;plugin://plugin.video.thepromise/?action=tvshows&amp;url=https%3a%2f%2fapi.themoviedb.org%2f3%2fdiscover%2ftv%3fapi_key%3df8af8898eb005a02fb5c962811436a60%26sort_by%3dpopularity.desc%26with_networks%3d6%26page%3d1&quot;,return)</favourite>
    <favourite name="Netflix" thumb="https://i.imgur.com/02VN1wq.png">ActivateWindow(10025,&quot;plugin://plugin.video.thepromise/?action=tvshows&amp;url=https%3a%2f%2fapi.themoviedb.org%2f3%2fdiscover%2ftv%3fapi_key%3df8af8898eb005a02fb5c962811436a60%26sort_by%3dpopularity.desc%26with_networks%3d213%26page%3d1&quot;,return)</favourite>
    <favourite name="Paramount+" thumb="https://i.imgur.com/RpfpI9w.png">ActivateWindow(10025,&quot;plugin://plugin.video.thepromise/?action=tvshows&amp;url=https%3a%2f%2fapi.themoviedb.org%2f3%2fdiscover%2ftv%3fapi_key%3df8af8898eb005a02fb5c962811436a60%26sort_by%3dpopularity.desc%26with_networks%3d4330%26page%3d1&quot;,return)</favourite>
    <favourite name="ABC" thumb="https://i.imgur.com/qePLxos.png">ActivateWindow(10025,&quot;plugin://plugin.video.thepromise/?action=tvshows&amp;url=https%3a%2f%2fapi.themoviedb.org%2f3%2fdiscover%2ftv%3fapi_key%3df8af8898eb005a02fb5c962811436a60%26sort_by%3dpopularity.desc%26with_networks%3d2%26page%3d1&quot;,return)</favourite>
    <favourite name="Amazon" thumb="https://i.imgur.com/ru9DDlL.png">ActivateWindow(10025,&quot;plugin://plugin.video.thepromise/?action=tvshows&amp;url=https%3a%2f%2fapi.themoviedb.org%2f3%2fdiscover%2ftv%3fapi_key%3df8af8898eb005a02fb5c962811436a60%26sort_by%3dpopularity.desc%26with_networks%3d1024%26page%3d1&quot;,return)</favourite>
    <favourite name="Cartoon Network" thumb="https://i.imgur.com/zmOLbbI.png">ActivateWindow(10025,&quot;plugin://plugin.video.thepromise/?action=tvshows&amp;url=https%3a%2f%2fapi.themoviedb.org%2f3%2fdiscover%2ftv%3fapi_key%3df8af8898eb005a02fb5c962811436a60%26sort_by%3dpopularity.desc%26with_networks%3d56%26page%3d1&quot;,return)</favourite>
    <favourite name="CBS" thumb="https://i.imgur.com/8OT8igR.png">ActivateWindow(10025,&quot;plugin://plugin.video.thepromise/?action=tvshows&amp;url=https%3a%2f%2fapi.themoviedb.org%2f3%2fdiscover%2ftv%3fapi_key%3df8af8898eb005a02fb5c962811436a60%26sort_by%3dpopularity.desc%26with_networks%3d16%26page%3d1&quot;,return)</favourite>
    <favourite name="USA Network" thumb="https://i.imgur.com/Doccw9E.png">ActivateWindow(10025,&quot;plugin://plugin.video.thepromise/?action=tvshows&amp;url=https%3a%2f%2fapi.themoviedb.org%2f3%2fdiscover%2ftv%3fapi_key%3df8af8898eb005a02fb5c962811436a60%26sort_by%3dpopularity.desc%26with_networks%3d30%26page%3d1&quot;,return)</favourite>
    
    <favourite name="Music Streaming" thumb="special://home/addons/plugin.audio.mp3streams/icon.png">ActivateWindow(10502,&quot;plugin://plugin.audio.mp3streams&quot;,return)</favourite>
    <favourite name="Terrys Tips" thumb="special://xbmc/addons/plugin.program.terrywiz/resources/icon.png">PlayMedia(&quot;plugin://plugin.program.terrywiz/?url=&amp;mode=100&amp;name=Notification&amp;icon=%2Fdata%2Fuser%2F0%2Forg.xbmc.kodi%2Fcache%2Fapk%2Fassets%2Faddons%2Fplugin.program.terrywiz%2Fresources%2Ficon.png&amp;fanart=%2Fdata%2Fuser%2F0%2Forg.xbmc.kodi%2Fcache%2Fapk%2Fassets%2Faddons%2Fplugin.program.terrywiz%2Fresources%2Ffanart.jpg&amp;description=Open+the+notification+dialog.&amp;name2=&amp;version=&quot;)</favourite>
</favourites>
